first_name,surname,email
John,Wilson,johnwilson@outlook.com
Mary,Wilson,marywilson@list.ru
Jennifer,Jackson,jenniferjackson@yahoo.com
Charles,Moore,charlesmoore@bk.ru
Elizabeth,Lee,elizabethlee@mail.ru
Elizabeth,Brown,elizabethbrown@bk.ru
Michael,Martinez,michaelmartinez@rambler.ru
Joseph,Garcia,josephgarcia@iCloud.com
Charles,Smith,charlessmith@mail.ru
Robert,Martin,robertmartin@mail.ru
Joseph,Smith,josephsmith@mail.ru
Thomas,Moore,thomasmoore@list.ru
Elizabeth,Johnson,elizabethjohnson@rambler.ru
Jennifer,Rodriguez,jenniferrodriguez@rambler.ru
Mary,Martinez,marymartinez@internet.ru
Michael,Johnson,michaeljohnson@inbox.ru
Jennifer,Smith,jennifersmith@yandex.ru
Mark,Lee,marklee@gmail.com
Susan,Williams,susanwilliams@yandex.ru
Thomas,Garcia,thomasgarcia@internet.ru
Robert,Brown,robertbrown@internet.ru
William,Taylor,williamtaylor@yandex.ru
Joseph,Johnson,josephjohnson@rambler.ru
Joseph,Rodriguez,josephrodriguez@rambler.ru
Joseph,Anderson,josephanderson@mail.ru
Richard,Martinez,richardmartinez@yahoo.com
Barbara,Rodriguez,barbararodriguez@internet.ru
Mark,Miller,markmiller@gmail.com
Charles,Taylor,charlestaylor@yahoo.com
David,Smith,davidsmith@gmail.com
James,Williams,jameswilliams@gmail.com
Michael,Miller,michaelmiller@aol.com
Daniel,Anderson,danielanderson@internet.ru
Richard,Rodriguez,richardrodriguez@yandex.ru
William,Smith,williamsmith@yahoo.com
Charles,Wilson,charleswilson@inbox.ru
Mary,Rodriguez,maryrodriguez@gmail.com
Maria,Lee,marialee@outlook.com
Charles,Davis,charlesdavis@gmail.com
Mary,Anderson,maryanderson@yandex.ru
Linda,White,lindawhite@yandex.ru
William,Davis,williamdavis@internet.ru
Michael,Taylor,michaeltaylor@mail.ru
Daniel,Martinez,danielmartinez@gmail.com
Michael,Anderson,michaelanderson@mail.ru
Mark,Smith,marksmith@yahoo.com
Patricia,Miller,patriciamiller@list.ru
Daniel,Miller,danielmiller@aol.com
William,Garcia,williamgarcia@inbox.ru
Mark,Rodriguez,markrodriguez@iCloud.com
Linda,Lee,lindalee@bk.ru
Daniel,Smith,danielsmith@list.ru
Daniel,Davis,danieldavis@gmail.com
Mark,Brown,markbrown@iCloud.com
Barbara,Lee,barbaralee@gmail.com
Thomas,Martinez,thomasmartinez@outlook.com
Elizabeth,Jones,elizabethjones@mail.ru
Robert,White,robertwhite@outlook.com
James,Brown,jamesbrown@inbox.ru
John,Williams,johnwilliams@rambler.ru
Robert,Jones,robertjones@yahoo.com
Patricia,Jackson,patriciajackson@gmail.com
Mary,Miller,marymiller@inbox.ru
Maria,Garcia,mariagarcia@bk.ru
Richard,Smith,richardsmith@yahoo.com
William,Moore,williammoore@yandex.ru
Elizabeth,Thompson,elizabeththompson@outlook.com
Charles,Miller,charlesmiller@gmail.com
John,Lee,johnlee@inbox.ru
David,Taylor,davidtaylor@outlook.com
Maria,Brown,mariabrown@list.ru
Jennifer,Davis,jenniferdavis@outlook.com
Patricia,Anderson,patriciaanderson@yandex.ru
Richard,Miller,richardmiller@list.ru
James,Lee,jameslee@list.ru
Thomas,Brown,thomasbrown@yandex.ru
Linda,Jackson,lindajackson@list.ru
Patricia,Moore,patriciamoore@gmail.com
Jennifer,Brown,jenniferbrown@iCloud.com
Maria,Rodriguez,mariarodriguez@outlook.com
William,Jones,williamjones@bk.ru
Joseph,Taylor,josephtaylor@aol.com
John,Davis,johndavis@list.ru
Daniel,Martin,danielmartin@inbox.ru
Patricia,Jones,patriciajones@yandex.ru
Barbara,Taylor,barbarataylor@yahoo.com
Daniel,Johnson,danieljohnson@inbox.ru
Michael,Brown,michaelbrown@internet.ru
Patricia,Thompson,patriciathompson@aol.com
Mark,Taylor,marktaylor@iCloud.com
Maria,Thomas,mariathomas@yahoo.com
William,Brown,williambrown@outlook.com
Mary,Taylor,marytaylor@iCloud.com
Patricia,Brown,patriciabrown@rambler.ru
Jennifer,Martin,jennifermartin@mail.ru
Daniel,Garcia,danielgarcia@mail.ru
Richard,Garcia,richardgarcia@inbox.ru
Linda,Martin,lindamartin@mail.ru
Michael,White,michaelwhite@rambler.ru
